{"stats":{"minecraft:custom":{"minecraft:time_since_rest":47313,"minecraft:crouch_one_cm":64,"minecraft:sprint_one_cm":83666,"minecraft:play_time":47313,"minecraft:damage_taken":30,"minecraft:walk_one_cm":20767,"minecraft:sneak_time":461,"minecraft:walk_under_water_one_cm":12433,"minecraft:mob_kills":1,"minecraft:drop":1,"minecraft:jump":560,"minecraft:damage_dealt":220,"minecraft:leave_game":1,"minecraft:walk_on_water_one_cm":1769,"minecraft:time_since_death":47313,"minecraft:climb_one_cm":99,"minecraft:total_world_time":47313,"minecraft:hex":0,"minecraft:swim_one_cm":686,"minecraft:fall_one_cm":7814,"minecraft:fly_one_cm":292358},"minecraft:picked_up":{"minecraft:apple":2,"frostiful:wolf_fur_tuft":7,"twigs:twig":2},"minecraft:dropped":{"techreborn:rubber_log":1},"minecraft:used":{"farmersdelight:fried_rice":5,"minecraft:grass_block":1,"techreborn:rubber_log":1},"minecraft:killed":{"graveyard:ghoul":1},"minecraft:mined":{"minecraft:grass":4,"croptopia:apple_crop":2,"minecraft:birch_leaves":3,"minecraft:oak_leaves":15}},"DataVersion":3465}