{"stats":{"minecraft:crafted":{"comforts:sleeping_bag_white":1},"minecraft:custom":{"minecraft:time_since_rest":83313,"lootr:looted_stat":3,"minecraft:sprint_one_cm":131054,"minecraft:damage_taken":115,"minecraft:walk_one_cm":30437,"minecraft:mob_kills":1,"minecraft:drop":5,"minecraft:damage_dealt":249,"minecraft:talked_to_villager":1,"minecraft:swim_one_cm":1995,"minecraft:interact_with_crafting_table":1,"minecraft:fly_one_cm":384871,"minecraft:crouch_one_cm":91,"minecraft:play_time":83313,"minecraft:sneak_time":503,"minecraft:walk_under_water_one_cm":12497,"minecraft:interact_with_lectern":1,"minecraft:jump":789,"minecraft:leave_game":1,"minecraft:time_since_death":83313,"minecraft:walk_on_water_one_cm":2434,"minecraft:total_world_time":83313,"minecraft:climb_one_cm":366,"minecraft:hex":0,"minecraft:fall_one_cm":13895},"minecraft:picked_up":{"minecraft:book":12,"botania:purple_double_flower":1,"minecraft:crafting_table":1,"botania:black_double_flower":1,"minecraft:red_mushroom":7,"fwaystones:waystone":1,"botania:light_blue_double_flower":1,"botania:black_mystical_flower":2,"botania:light_blue_mystical_flower":4,"brewery:hops_seeds":6,"minecraft:rotten_flesh":1,"minecraft:apple":2,"minecraft:wheat_seeds":4,"botania:purple_mystical_flower":2,"bewitchment:mandrake_seeds":1,"minecraft:hay_block":1,"frostiful:wolf_fur_tuft":7,"promenade:blueberries":11,"minecraft:sugar_cane":13,"twigs:twig":2,"botania:green_mystical_flower":5},"minecraft:dropped":{"techreborn:rubber_log":1,"minecraft:wheat_seeds":4,"minecraft:stone_sword":1},"minecraft:used":{"farmersdelight:fried_rice":6,"minecraft:grass_block":1,"techreborn:rubber_log":1,"minecraft:iron_pickaxe":2,"minecraft:iron_sword":1,"minecraft:crafting_table":1},"minecraft:killed":{"graveyard:ghoul":1},"minecraft:mined":{"botania:green_mystical_flower":5,"minecraft:hay_block":1,"minecraft:black_stained_glass":1,"botania:purple_mystical_flower":2,"brewery:wild_hops":3,"minecraft:orange_stained_glass":1,"minecraft:birch_leaves":3,"minecraft:crafting_table":1,"minecraft:grass":9,"minecraft:bookshelf":4,"croptopia:apple_crop":2,"botania:purple_double_flower":1,"minecraft:tall_grass":3,"regions_unexplored:medium_grass":2,"botania:black_double_flower":1,"botania:light_blue_double_flower":1,"botania:light_blue_mystical_flower":4,"minecraft:sugar_cane":5,"minecraft:oak_leaves":15,"botania:black_mystical_flower":2,"minecraft:fern":3}},"DataVersion":3465}