{"stats":{"minecraft:custom":{"lootr:looted_stat":30,"minecraft:mob_kills":14,"minecraft:play_record":4,"minecraft:interact_with_crafting_table":8,"minecraft:damage_dealt_resisted":0,"minecraft:leave_game":2,"minecraft:time_since_death":142648,"minecraft:sleep_in_bed":3,"minecraft:climb_one_cm":2321,"minecraft:hex":0,"minecraft:time_since_rest":25003,"minecraft:sprint_one_cm":329306,"minecraft:damage_taken":444,"minecraft:walk_one_cm":99430,"minecraft:damage_blocked_by_shield":65,"minecraft:drop":35,"minecraft:damage_dealt":3646,"minecraft:swim_one_cm":40180,"minecraft:talked_to_villager":1,"minecraft:fly_one_cm":733006,"minecraft:open_chest":36,"minecraft:crouch_one_cm":3771,"minecraft:play_time":142648,"minecraft:sneak_time":1628,"minecraft:walk_under_water_one_cm":23891,"minecraft:boat_one_cm":94764,"minecraft:interact_with_lectern":3,"minecraft:jump":2045,"minecraft:walk_on_water_one_cm":8007,"minecraft:total_world_time":142648,"minecraft:fall_one_cm":36142},"minecraft:crafted":{"minecraft:cherry_planks":4,"minecraft:oak_planks":52,"minecraft:jukebox":1,"comforts:sleeping_bag_white":1,"minecraft:iron_helmet":4,"botania:lexicon":1,"simplyswords:diamond_katana":1,"minecraft:iron_boots":2,"minecraft:stick":4,"mythicupgrades:music_disc_fierce":1,"minecraft:chest":2,"minecraft:diamond_chestplate":1},"minecraft:picked_up":{"minecraft:crafting_table":1,"minecraft:leather":1,"botania:black_double_flower":1,"minecraft:red_mushroom":7,"mythicupgrades:music_disc_fierce":1,"minecraft:lily_pad":8,"minecraft:oak_log":13,"promenade:blush_sakura_sapling":1,"botania:light_blue_double_flower":1,"minecraft:dirt":1,"minecraft:string":1,"botania:light_blue_mystical_flower":4,"botania:black_mystical_flower":2,"brewery:hops_seeds":8,"minecraft:apple":2,"promenade:sakura_log":7,"minecraft:wheat_seeds":6,"farmersdelight:fried_rice":13,"comforts:sleeping_bag_white":3,"botania:purple_mystical_flower":5,"minecraft:spruce_planks":1,"bewitchment:mandrake_seeds":1,"minecraft:written_book":1,"minecraft:bamboo":4,"promenade:blueberries":11,"twigs:twig":10,"minecraft:sugar_cane":15,"minecraft:phantom_membrane":1,"minecraft:egg":1,"minecraft:book":12,"prominent:music_disc_coniferus_forest":2,"botania:purple_double_flower":1,"botania:red_mystical_flower":4,"twigs:bamboo_leaves":1,"fwaystones:waystone":1,"minecraft:cherry_log":12,"minecraft:spruce_sapling":2,"minecraft:arrow":5,"minecraft:rotten_flesh":9,"botania:lime_mystical_flower":1,"minecraft:hay_block":1,"croptopia:orange":6,"minecraft:cherry_sapling":7,"frostiful:wolf_fur_tuft":8,"minecraft:emerald":2,"minecraft:music_disc_wait":1,"minecraft:damaged_anvil":1,"botania:green_mystical_flower":5},"minecraft:dropped":{"minecraft:wheat_seeds":6,"minecraft:stone_sword":1,"minecraft:bowl":4,"minecraft:rotten_flesh":8,"minecraft:book":12,"minecraft:iron_boots":2,"minecraft:leather":1,"minecraft:grass_block":1,"minecraft:red_mushroom":7,"farmersdelight:fried_rice":13,"minecraft:hay_block":1,"techreborn:rubber_log":1,"minecraft:spruce_planks":1,"beachparty:rubber_ring_pelican":1,"minecraft:iron_leggings":1,"promenade:blush_sakura_blossoms":1,"minecraft:arrow":5,"minecraft:lily_pad":8,"minecraft:string":1,"minecraft:written_book":1,"minecraft:spruce_sapling":2,"minecraft:egg":1},"minecraft:used":{"fwaystones:waystone":1,"minecraft:damaged_anvil":1,"simplyswords:diamond_katana":20,"minecraft:chest":6,"minecraft:spruce_planks":32,"minecraft:shield":3,"minecraft:iron_sword":81,"minecraft:diamond_axe":7,"prominent:music_disc_coniferus_forest":2,"minecraft:dirt":1,"simplyswords:diamond_rapier":34,"minecraft:crafting_table":2,"farmersdelight:fried_rice":10,"minecraft:apple":3,"minecraft:grass_block":1,"minecraft:iron_axe":24,"techreborn:rubber_log":1,"mcdw:sword_katana":1,"minecraft:iron_pickaxe":7,"mythicupgrades:music_disc_fierce":1,"minecraft:iron_boots":2,"minecraft:music_disc_wait":1,"minecraft:diamond_chestplate":1,"minecraft:grindstone":2,"comforts:sleeping_bag_white":3,"minecraft:oak_chest_boat":1},"minecraft:killed":{"graveyard:ghoul":2,"naturalist:bear":1,"minecraft:spider":2,"minecraft:phantom":1,"minecraft:skeleton":1,"minecraft:zombie":6,"minecraft:cow":1},"minecraft:mined":{"botania:green_mystical_flower":5,"botania:lime_mystical_flower":1,"minecraft:spruce_planks":1,"croptopia:orange_crop":6,"brewery:wild_hops":4,"botania:red_mystical_flower":4,"minecraft:cherry_log":1,"minecraft:orange_stained_glass":1,"minecraft:crafting_table":1,"minecraft:grass_block":1,"botania:purple_double_flower":1,"promenade:blush_sakura_blossom_pile":1,"minecraft:tall_grass":9,"botania:black_double_flower":1,"minecraft:spruce_leaves":2,"minecraft:sugar_cane":6,"botania:black_mystical_flower":2,"minecraft:hay_block":1,"minecraft:black_stained_glass":4,"botania:purple_mystical_flower":2,"minecraft:sweet_berry_bush":1,"minecraft:birch_leaves":4,"treechop:chopped_log":4,"minecraft:grass":26,"vinery:taiga_grape_bush_white":1,"minecraft:bookshelf":4,"croptopia:apple_crop":2,"minecraft:bamboo":1,"regions_unexplored:medium_grass":2,"minecraft:stone":1,"botania:light_blue_double_flower":1,"botania:light_blue_mystical_flower":4,"minecraft:oak_leaves":16,"minecraft:infested_stone":1,"minecraft:fern":3}},"DataVersion":3465}