{"stats":{"minecraft:broken":{"techreborn:treetap":2},"minecraft:crafted":{"minecraft:oak_planks":20,"minecraft:stone_shovel":1,"minecraft:crafting_table":2,"minecraft:wooden_pickaxe":1,"minecraft:furnace":1,"minecraft:pumpkin_seeds":4,"minecraft:stone_axe":1,"minecraft:stick":12,"minecraft:stone_pickaxe":1,"techreborn:treetap":4,"minecraft:snow_block":4,"techreborn:rubber_planks":12},"minecraft:custom":{"lootr:looted_stat":5,"minecraft:mob_kills":15,"minecraft:interact_with_crafting_table":8,"minecraft:leave_game":1,"minecraft:time_since_death":11734,"minecraft:sleep_in_bed":1,"minecraft:climb_one_cm":218,"minecraft:hex":0,"minecraft:time_since_rest":8958,"minecraft:sprint_one_cm":126077,"minecraft:damage_taken":378,"minecraft:walk_one_cm":73969,"minecraft:drop":4,"minecraft:damage_dealt":2397,"minecraft:swim_one_cm":15565,"minecraft:fly_one_cm":251490,"minecraft:crouch_one_cm":2010,"minecraft:play_time":37089,"minecraft:deaths":1,"minecraft:sneak_time":557,"minecraft:walk_under_water_one_cm":593,"minecraft:jump":983,"minecraft:walk_on_water_one_cm":3262,"minecraft:total_world_time":37089,"minecraft:fall_one_cm":24604},"minecraft:picked_up":{"minecraft:crafting_table":3,"croptopia:nectarine":4,"minecraft:leather":8,"minecraft:red_mushroom":12,"croptopia:calamari":1,"minecraft:oak_log":5,"minecraft:dirt":13,"naturalist:glow_goop":1,"minecraft:apple":1,"croptopia:avocado":1,"minecraft:beef":12,"fishofthieves:earthworms":1,"techreborn:rubber_log":21,"twigs:twig":4,"minecraft:sugar_cane":10,"minecraft:birch_sapling":1,"minecraft:raw_iron":10,"minecraft:pumpkin":1,"minecraft:ink_sac":1,"techreborn:rubber_sapling":5,"minecraft:rotten_flesh":5,"minecraft:hay_block":2,"minecraft:carved_pumpkin":3,"frostiful:wolf_fur_tuft":1,"minecraft:oak_sapling":9,"minecraft:coal":4,"minecraft:snowball":18,"minecraft:cobblestone":17},"minecraft:killed_by":{"minecraft:zombie":1},"minecraft:dropped":{"frostiful:wolf_fur_tuft":1,"minecraft:red_mushroom":11,"minecraft:snowball":2},"minecraft:used":{"minecraft:stone_sword":34,"minecraft:stone_shovel":6,"minecraft:stone_pickaxe":27,"croptopia:calamari":1,"minecraft:wooden_pickaxe":4,"minecraft:rotten_flesh":5,"minecraft:dirt":10,"minecraft:crafting_table":5,"minecraft:red_mushroom":1,"croptopia:nectarine":4,"minecraft:apple":1,"minecraft:bread":4,"minecraft:stone_axe":57,"croptopia:avocado":1},"minecraft:killed":{"naturalist:firefly":2,"minecraft:horse":3,"minecraft:zombie":4,"minecraft:cow":6},"minecraft:mined":{"minecraft:snow_block":4,"minecraft:carved_pumpkin":3,"minecraft:crafting_table":3,"minecraft:grass_block":2,"minecraft:tall_grass":1,"minecraft:sugar_cane":4,"minecraft:hay_block":3,"croptopia:nectarine_crop":4,"techreborn:rubber_leaves":1,"minecraft:iron_ore":10,"minecraft:snow":2,"croptopia:avocado_crop":1,"minecraft:pumpkin":1,"treechop:chopped_log":4,"minecraft:grass":3,"minecraft:coal_ore":4,"minecraft:dirt":11,"minecraft:stone":16,"minecraft:oak_leaves":45}},"DataVersion":3465}