{"stats":{"minecraft:crafted":{"minecraft:oak_planks":20,"minecraft:stone_shovel":1,"minecraft:crafting_table":1,"minecraft:stick":12,"minecraft:wooden_pickaxe":1,"minecraft:stone_pickaxe":1,"minecraft:snow_block":4,"techreborn:treetap":1,"minecraft:furnace":1,"minecraft:pumpkin_seeds":4,"minecraft:stone_axe":1},"minecraft:custom":{"minecraft:time_since_rest":17394,"minecraft:sprint_one_cm":45632,"minecraft:damage_taken":95,"minecraft:walk_one_cm":34913,"minecraft:mob_kills":6,"minecraft:drop":2,"minecraft:damage_dealt":923,"minecraft:interact_with_crafting_table":5,"minecraft:swim_one_cm":4195,"minecraft:fly_one_cm":86373,"minecraft:crouch_one_cm":1731,"minecraft:play_time":17394,"minecraft:sneak_time":431,"minecraft:walk_under_water_one_cm":334,"minecraft:jump":345,"minecraft:time_since_death":17394,"minecraft:walk_on_water_one_cm":2092,"minecraft:total_world_time":17394,"minecraft:climb_one_cm":218,"minecraft:hex":0,"minecraft:fall_one_cm":10312},"minecraft:picked_up":{"minecraft:crafting_table":2,"minecraft:raw_iron":2,"minecraft:pumpkin":1,"minecraft:red_mushroom":10,"croptopia:calamari":1,"minecraft:oak_log":5,"minecraft:ink_sac":1,"techreborn:rubber_sapling":5,"minecraft:dirt":13,"naturalist:glow_goop":1,"minecraft:rotten_flesh":5,"minecraft:apple":1,"minecraft:hay_block":2,"minecraft:carved_pumpkin":3,"fishofthieves:earthworms":1,"techreborn:rubber_log":21,"minecraft:oak_sapling":9,"twigs:twig":4,"minecraft:birch_sapling":1,"minecraft:coal":4,"minecraft:snowball":18,"minecraft:cobblestone":17},"minecraft:dropped":{"minecraft:snowball":2,"minecraft:red_mushroom":9},"minecraft:used":{"minecraft:apple":1,"minecraft:stone_sword":30,"minecraft:stone_shovel":6,"minecraft:bread":1,"minecraft:stone_pickaxe":19,"croptopia:calamari":1,"minecraft:wooden_pickaxe":4,"minecraft:rotten_flesh":5,"minecraft:stone_axe":25,"minecraft:crafting_table":2,"minecraft:red_mushroom":1},"minecraft:killed":{"minecraft:zombie":4,"naturalist:firefly":2},"minecraft:mined":{"minecraft:hay_block":3,"minecraft:iron_ore":2,"minecraft:snow_block":4,"minecraft:snow":2,"minecraft:pumpkin":1,"minecraft:carved_pumpkin":3,"treechop:chopped_log":4,"minecraft:crafting_table":2,"minecraft:grass":2,"minecraft:grass_block":2,"minecraft:coal_ore":4,"minecraft:dirt":11,"minecraft:tall_grass":1,"minecraft:stone":16,"minecraft:oak_leaves":45}},"DataVersion":3465}