{"stats":{"minecraft:broken":{"techreborn:treetap":1},"minecraft:crafted":{"minecraft:oak_planks":20,"minecraft:stone_shovel":1,"minecraft:crafting_table":1,"minecraft:stick":12,"minecraft:wooden_pickaxe":1,"minecraft:stone_pickaxe":1,"minecraft:snow_block":4,"techreborn:treetap":2,"minecraft:furnace":1,"minecraft:pumpkin_seeds":4,"minecraft:stone_axe":1},"minecraft:custom":{"minecraft:time_since_rest":24675,"minecraft:sprint_one_cm":68393,"minecraft:damage_taken":125,"minecraft:walk_one_cm":50513,"minecraft:mob_kills":11,"minecraft:drop":2,"minecraft:damage_dealt":1997,"minecraft:interact_with_crafting_table":6,"minecraft:swim_one_cm":9603,"minecraft:fly_one_cm":144796,"minecraft:crouch_one_cm":2010,"minecraft:play_time":24675,"minecraft:sneak_time":556,"minecraft:walk_under_water_one_cm":373,"minecraft:jump":590,"minecraft:leave_game":1,"minecraft:time_since_death":24675,"minecraft:walk_on_water_one_cm":2415,"minecraft:total_world_time":24675,"minecraft:climb_one_cm":218,"minecraft:hex":0,"minecraft:fall_one_cm":18005},"minecraft:picked_up":{"minecraft:crafting_table":3,"minecraft:raw_iron":10,"minecraft:pumpkin":1,"minecraft:leather":3,"minecraft:red_mushroom":10,"croptopia:calamari":1,"minecraft:oak_log":5,"minecraft:ink_sac":1,"techreborn:rubber_sapling":5,"minecraft:dirt":13,"naturalist:glow_goop":1,"minecraft:rotten_flesh":5,"minecraft:apple":1,"minecraft:hay_block":2,"minecraft:beef":2,"minecraft:carved_pumpkin":3,"fishofthieves:earthworms":1,"techreborn:rubber_log":21,"minecraft:sugar_cane":10,"minecraft:oak_sapling":9,"twigs:twig":4,"minecraft:birch_sapling":1,"minecraft:coal":4,"minecraft:snowball":18,"minecraft:cobblestone":17},"minecraft:dropped":{"minecraft:snowball":2,"minecraft:red_mushroom":9},"minecraft:used":{"minecraft:apple":1,"minecraft:stone_sword":34,"minecraft:stone_shovel":6,"minecraft:bread":3,"minecraft:stone_pickaxe":27,"croptopia:calamari":1,"minecraft:wooden_pickaxe":4,"minecraft:rotten_flesh":5,"minecraft:stone_axe":40,"minecraft:dirt":10,"minecraft:crafting_table":3,"minecraft:red_mushroom":1},"minecraft:killed":{"minecraft:horse":3,"minecraft:zombie":4,"naturalist:firefly":2,"minecraft:cow":2},"minecraft:mined":{"minecraft:hay_block":3,"minecraft:iron_ore":10,"minecraft:snow_block":4,"minecraft:snow":2,"minecraft:pumpkin":1,"minecraft:carved_pumpkin":3,"treechop:chopped_log":4,"minecraft:crafting_table":3,"minecraft:grass":3,"minecraft:grass_block":2,"minecraft:coal_ore":4,"minecraft:dirt":11,"minecraft:tall_grass":1,"minecraft:stone":16,"minecraft:sugar_cane":4,"minecraft:oak_leaves":45}},"DataVersion":3465}