{"stats":{"minecraft:broken":{"techreborn:treetap":4},"minecraft:crafted":{"minecraft:oak_planks":20,"minecraft:redstone":13,"minecraft:stone_shovel":1,"botania:purple_petal":2,"comforts:sleeping_bag_white":2,"minecraft:furnace":1,"regions_unexplored:larch_planks":64,"botania:blue_petal":24,"minecraft:glass":12,"minecraft:iron_boots":1,"minecraft:stone_pickaxe":1,"techreborn:treetap":4,"minecraft:chest":1,"travelersbackpack:fox":1,"minecraft:cod_bucket":1,"minecraft:dark_oak_planks":4,"minecraft:wheat":81,"minecraft:crafting_table":6,"travelersbackpack:backpack_tank":2,"minecraft:wooden_pickaxe":1,"travelersbackpack:standard":1,"minecraft:pumpkin_seeds":4,"minecraft:stone_axe":1,"comforts:sleeping_bag_purple":1,"minecraft:bread":27,"minecraft:air":0,"minecraft:blue_dye":24,"minecraft:purple_dye":2,"minecraft:stick":32,"minecraft:iron_ingot":12,"minecraft:iron_pickaxe":1,"minecraft:snow_block":4,"minecraft:gold_ingot":9,"techreborn:rubber_planks":84},"minecraft:custom":{"lootr:looted_stat":39,"minecraft:mob_kills":58,"minecraft:interact_with_crafting_table":21,"minecraft:open_barrel":2,"minecraft:damage_dealt_resisted":0,"minecraft:leave_game":2,"minecraft:time_since_death":82995,"minecraft:climb_one_cm":2622,"minecraft:sprint_one_cm":375406,"minecraft:walk_one_cm":205964,"minecraft:drop":25,"minecraft:talked_to_villager":12,"minecraft:play_time":108350,"minecraft:deaths":1,"minecraft:sneak_time":2121,"minecraft:walk_under_water_one_cm":1203,"minecraft:jump":2832,"minecraft:walk_on_water_one_cm":6439,"minecraft:total_world_time":108350,"minecraft:interact_with_furnace":7,"minecraft:traded_with_villager":4,"minecraft:sleep_in_bed":4,"minecraft:hex":0,"minecraft:time_since_rest":35597,"minecraft:damage_taken":937,"minecraft:damage_dealt":6416,"minecraft:swim_one_cm":35738,"minecraft:fly_one_cm":698043,"minecraft:open_chest":1,"minecraft:crouch_one_cm":7413,"minecraft:fall_one_cm":73979},"minecraft:picked_up":{"minecraft:crafting_table":3,"minecraft:redstone_block":1,"minecraft:gold_block":1,"ae2:silicon_press":1,"croptopia:calamari":1,"minecraft:shield":1,"minecraft:soul_soil":2,"minecraft:raw_copper":31,"croptopia:avocado":1,"minecraft:beef":12,"regions_unexplored:larch_log":110,"comforts:sleeping_bag_purple":1,"techreborn:rubber_log":41,"minecraft:sugar_cane":13,"minecraft:birch_sapling":1,"minecraft:furnace":1,"minecraft:stick":2,"minecraft:raw_iron":12,"minecraft:jukebox":1,"fwaystones:waystone":1,"minecraft:redstone":19,"ae2:sky_stone_block":5,"minecraft:rotten_flesh":5,"ae2:certus_quartz_dust":7,"minecraft:hay_block":9,"botania:blue_mystical_flower":12,"minecraft:carved_pumpkin":3,"ae2:calculation_processor_press":1,"minecraft:cobblestone":24,"minecraft:cod":1,"minecraft:snowball":18,"minecraft:white_wool":6,"minecraft:golden_carrot":1,"croptopia:nectarine":4,"minecraft:leather":9,"minecraft:red_mushroom":12,"minecraft:oak_log":7,"minecraft:dirt":13,"naturalist:glow_goop":7,"minecraft:apple":1,"minecraft:stone_bricks":3,"minecraft:stonecutter":1,"minecraft:wheat_seeds":2,"botania:purple_mystical_flower":7,"minecraft:grindstone":2,"ae2:logic_processor_press":1,"fishofthieves:earthworms":1,"regions_unexplored:larch_sapling":14,"twigs:twig":14,"croptopia:roe":1,"minecraft:book":95,"minecraft:pumpkin":1,"minecraft:sweet_berries":12,"minecraft:sand":12,"minecraft:spruce_sapling":2,"minecraft:ink_sac":1,"techreborn:rubber_sapling":6,"ae2:engineering_processor_press":1,"frostiful:wolf_fur_tuft":1,"minecraft:emerald":2,"minecraft:oak_sapling":9,"minecraft:dark_oak_wood":1,"minecraft:coal":4},"minecraft:killed_by":{"minecraft:zombie":1},"minecraft:dropped":{"ironchests:blank_chest_upgrade":1,"frostiful:wolf_fur_tuft":1,"minecraft:cobblestone":1,"techreborn:rubber_sapling":1,"minecraft:red_mushroom":11,"minecraft:emerald":1,"minecraft:dirt":3,"techreborn:rubber_log":20,"minecraft:snowball":2,"minecraft:dark_oak_planks":2,"minecraft:spruce_sapling":2,"regions_unexplored:larch_log":64,"minecraft:soul_soil":1,"minecraft:stone_shovel":1,"botania:purple_mystical_flower":6,"minecraft:shield":1,"fishofthieves:earthworms":1,"croptopia:roe":1,"minecraft:stone_bricks":1,"techreborn:rubber_planks":3,"minecraft:wooden_pickaxe":1},"minecraft:used":{"fwaystones:waystone":1,"minecraft:stone_sword":34,"minecraft:stone_shovel":6,"croptopia:calamari":1,"minecraft:rotten_flesh":5,"comforts:sleeping_bag_purple":1,"minecraft:dirt":10,"minecraft:cod_bucket":1,"techreborn:rubber_planks":40,"minecraft:dark_oak_planks":2,"minecraft:iron_axe":33,"ae2:sky_stone_block":5,"minecraft:iron_boots":1,"minecraft:stone_bricks":1,"regions_unexplored:larch_planks":35,"minecraft:sweet_berries":4,"minecraft:furnace":1,"travelersbackpack:fox":2,"minecraft:stone_pickaxe":38,"minecraft:wooden_pickaxe":4,"minecraft:crafting_table":9,"minecraft:red_mushroom":1,"simplyswords:iron_greataxe":125,"minecraft:oak_log":2,"croptopia:nectarine":4,"minecraft:apple":1,"minecraft:bread":27,"minecraft:iron_pickaxe":42,"minecraft:stone_axe":72,"croptopia:avocado":1,"minecraft:cobblestone":6,"travelersbackpack:standard":1,"minecraft:bucket":1,"minecraft:pumpkin_pie":1},"minecraft:mined":{"minecraft:carved_pumpkin":3,"minecraft:grass_block":2,"minecraft:soul_campfire":3,"frostiful:hot_sun_lichen":1,"minecraft:hay_block":10,"regions_unexplored:stone_bud":6,"minecraft:redstone_ore":4,"botania:purple_mystical_flower":8,"minecraft:furnace":1,"minecraft:iron_ore":12,"minecraft:snow":2,"treechop:chopped_log":5,"minecraft:pumpkin":1,"ae2:mysterious_cube":1,"minecraft:gold_block":1,"minecraft:bookshelf":28,"minecraft:vine":2,"regions_unexplored:red_maple_leaves":6,"regions_unexplored:medium_grass":9,"ae2:sky_stone_block":9,"minecraft:stone":23,"minecraft:white_wool":6,"minecraft:oak_slab":1,"minecraft:redstone_block":1,"minecraft:infested_stone_bricks":1,"minecraft:snow_block":4,"minecraft:crafting_table":3,"minecraft:dark_oak_wood":1,"minecraft:tall_grass":1,"minecraft:copper_ore":10,"botania:blue_mystical_flower":13,"minecraft:grindstone":2,"minecraft:oak_planks":1,"minecraft:sugar_cane":7,"minecraft:damaged_anvil":1,"minecraft:black_stained_glass":1,"croptopia:nectarine_crop":4,"techreborn:rubber_leaves":1,"ae2:medium_quartz_bud":4,"minecraft:sweet_berry_bush":5,"minecraft:jukebox":1,"croptopia:avocado_crop":1,"graveyard:skull_pile":1,"minecraft:grass":29,"minecraft:coal_ore":4,"minecraft:oak_log":2,"ae2:small_quartz_bud":3,"minecraft:sand":12,"minecraft:dirt":11,"minecraft:stonecutter":1,"minecraft:stone_bricks":3,"minecraft:oak_leaves":45},"minecraft:killed":{"minecraft:witch":1,"minecraft:spider":1,"minecraft:cod":1,"naturalist:snail":1,"minecraft:skeleton":1,"minecraft:horse":3,"minecraft:silverfish":32,"minecraft:illusioner":1,"graveyard:ghoul":2,"naturalist:firefly":4,"minecraft:zombie":5,"minecraft:cow":6}},"DataVersion":3465}