{"stats":{"minecraft:custom":{"minecraft:jump":62,"minecraft:time_since_rest":5394,"minecraft:damage_dealt":803,"minecraft:sprint_one_cm":8012,"minecraft:play_time":5394,"minecraft:damage_taken":75,"minecraft:time_since_death":5394,"minecraft:walk_one_cm":11534,"minecraft:mob_kills":4,"minecraft:total_world_time":5394,"minecraft:hex":0,"minecraft:fall_one_cm":1674,"minecraft:fly_one_cm":10840},"minecraft:picked_up":{"minecraft:oak_log":5,"minecraft:rotten_flesh":5,"minecraft:oak_sapling":7},"minecraft:used":{"minecraft:rotten_flesh":2,"minecraft:stone_sword":27},"minecraft:killed":{"minecraft:zombie":4},"minecraft:mined":{"treechop:chopped_log":1}},"DataVersion":3465}