{"stats":{"minecraft:broken":{"techreborn:treetap":3},"minecraft:crafted":{"minecraft:oak_planks":20,"minecraft:redstone":4,"minecraft:stone_shovel":1,"minecraft:crafting_table":5,"comforts:sleeping_bag_white":2,"travelersbackpack:backpack_tank":2,"minecraft:wooden_pickaxe":1,"travelersbackpack:standard":1,"minecraft:furnace":1,"minecraft:pumpkin_seeds":4,"minecraft:stone_axe":1,"minecraft:bread":6,"minecraft:air":0,"minecraft:glass":12,"minecraft:stick":32,"minecraft:iron_ingot":12,"minecraft:iron_pickaxe":1,"minecraft:stone_pickaxe":1,"techreborn:treetap":4,"minecraft:chest":1,"minecraft:snow_block":4,"minecraft:wheat":18,"techreborn:rubber_planks":40},"minecraft:custom":{"minecraft:interact_with_furnace":7,"lootr:looted_stat":10,"minecraft:mob_kills":15,"minecraft:traded_with_villager":2,"minecraft:interact_with_crafting_table":20,"minecraft:leave_game":2,"minecraft:time_since_death":28995,"minecraft:sleep_in_bed":2,"minecraft:climb_one_cm":1189,"minecraft:hex":0,"minecraft:time_since_rest":13406,"minecraft:sprint_one_cm":179655,"minecraft:damage_taken":428,"minecraft:walk_one_cm":93415,"minecraft:drop":12,"minecraft:damage_dealt":2397,"minecraft:swim_one_cm":21463,"minecraft:talked_to_villager":3,"minecraft:fly_one_cm":362201,"minecraft:crouch_one_cm":2347,"minecraft:play_time":54350,"minecraft:deaths":1,"minecraft:sneak_time":840,"minecraft:walk_under_water_one_cm":778,"minecraft:jump":1413,"minecraft:walk_on_water_one_cm":4486,"minecraft:total_world_time":54350,"minecraft:fall_one_cm":37953},"minecraft:picked_up":{"minecraft:crafting_table":3,"minecraft:redstone_block":1,"croptopia:nectarine":4,"minecraft:leather":8,"minecraft:red_mushroom":12,"croptopia:calamari":1,"minecraft:oak_log":7,"minecraft:dirt":13,"minecraft:raw_copper":7,"minecraft:soul_soil":1,"naturalist:glow_goop":1,"minecraft:apple":1,"minecraft:stone_bricks":1,"minecraft:stonecutter":1,"minecraft:wheat_seeds":1,"minecraft:grindstone":2,"croptopia:avocado":1,"minecraft:beef":12,"regions_unexplored:larch_log":110,"fishofthieves:earthworms":1,"regions_unexplored:larch_sapling":14,"techreborn:rubber_log":21,"twigs:twig":14,"minecraft:sugar_cane":13,"minecraft:birch_sapling":1,"minecraft:furnace":1,"minecraft:raw_iron":12,"minecraft:pumpkin":1,"minecraft:sand":12,"minecraft:spruce_sapling":2,"minecraft:ink_sac":1,"minecraft:redstone":19,"techreborn:rubber_sapling":5,"minecraft:rotten_flesh":5,"minecraft:hay_block":2,"minecraft:carved_pumpkin":3,"frostiful:wolf_fur_tuft":1,"minecraft:oak_sapling":9,"minecraft:coal":4,"minecraft:snowball":18,"minecraft:white_wool":6,"minecraft:cobblestone":18},"minecraft:killed_by":{"minecraft:zombie":1},"minecraft:dropped":{"regions_unexplored:larch_log":64,"minecraft:soul_soil":1,"frostiful:wolf_fur_tuft":1,"minecraft:cobblestone":1,"minecraft:red_mushroom":11,"minecraft:dirt":3,"fishofthieves:earthworms":1,"minecraft:snowball":2,"techreborn:rubber_planks":3,"minecraft:spruce_sapling":2},"minecraft:used":{"minecraft:stone_sword":34,"minecraft:stone_shovel":6,"minecraft:stone_pickaxe":38,"croptopia:calamari":1,"minecraft:wooden_pickaxe":4,"minecraft:rotten_flesh":5,"minecraft:dirt":10,"minecraft:crafting_table":8,"minecraft:red_mushroom":1,"minecraft:oak_log":2,"croptopia:nectarine":4,"minecraft:apple":1,"minecraft:bread":9,"minecraft:iron_pickaxe":5,"minecraft:stone_axe":71,"croptopia:avocado":1,"travelersbackpack:standard":1,"minecraft:furnace":1},"minecraft:killed":{"naturalist:firefly":2,"minecraft:horse":3,"minecraft:zombie":4,"minecraft:cow":6},"minecraft:mined":{"minecraft:redstone_block":1,"minecraft:snow_block":4,"minecraft:carved_pumpkin":3,"minecraft:crafting_table":3,"minecraft:grass_block":2,"minecraft:copper_ore":2,"minecraft:grindstone":2,"minecraft:tall_grass":1,"minecraft:soul_campfire":2,"frostiful:hot_sun_lichen":1,"minecraft:sugar_cane":7,"minecraft:redstone_ore":4,"minecraft:hay_block":3,"croptopia:nectarine_crop":4,"techreborn:rubber_leaves":1,"regions_unexplored:stone_bud":1,"minecraft:furnace":1,"minecraft:iron_ore":12,"minecraft:snow":2,"croptopia:avocado_crop":1,"minecraft:pumpkin":1,"treechop:chopped_log":5,"minecraft:grass":4,"minecraft:oak_log":2,"minecraft:coal_ore":4,"minecraft:sand":12,"minecraft:dirt":11,"minecraft:stone_bricks":2,"minecraft:stonecutter":1,"minecraft:stone":17,"minecraft:white_wool":6,"minecraft:oak_leaves":45}},"DataVersion":3465}